[
{"property_id": ["Apartment", "For Rent", "Bayut - JVC-SAM-REEFR-STD", "Unfurnished", "February 11, 2022", "February 7, 2022"], "price": ["33,000"], "type": ["Apartment", "For Rent", "Bayut - JVC-SAM-REEFR-STD", "Unfurnished", "February 11, 2022", "February 7, 2022"], "added_on": ["Apartment", "For Rent", "Bayut - JVC-SAM-REEFR-STD", "Unfurnished", "February 11, 2022", "February 7, 2022"], "furnishing": ["Apartment", "For Rent", "Bayut - JVC-SAM-REEFR-STD", "Unfurnished", "February 11, 2022", "February 7, 2022"], "purpose": ["Apartment", "For Rent", "Bayut - JVC-SAM-REEFR-STD", "Unfurnished", "February 11, 2022", "February 7, 2022"], "location": ["Reef Residence, Jumeirah Village Circle (JVC), Dubai"], "bed_bath_size": ["Studio", "1 Bath"], "permit_no": ["RERA# 16719", "Permit", "# ", "7116763268", "RERA# 16719", "Permit", "# ", "7116763268"], "agent_name": ["Sameer Ahmed", "Sameer Ahmed"], "image_url": [], "breadcrumbs": [], "amenities": ["Parking Spaces", ": 1", "Swimming Pool", "Electricity Backup", "Centrally Air-Conditioned", "Lobby in Building", "Reception/Waiting Room", "Gym or Health Club"], "description": []}
]